,Date,ID,URL,Tweet Content,User,Reply Count,Retweet Count,Language,Source,Like Count
0,2023-01-30 00:51:51+00:00,1619860911434633216,https://twitter.com/Batman/status/1619860911434633216,@GrittyNHL I‚Äôm not wearing hockey pants.,https://twitter.com/Batman,2,2,en,"<a href=""http://twitter.com/download/iphone"" rel=""nofollow"">Twitter for iPhone</a>",129
1,2023-01-29 17:30:05+00:00,1619749737531310081,https://twitter.com/Batman/status/1619749737531310081,New #Batman premium apparel and drinkware drop at DC Shop. Visit https://t.co/6u8FE6UNcc for the full collection. https://t.co/NR4NCLVPHu,https://twitter.com/Batman,20,101,en,"<a href=""https://www.sprinklr.com"" rel=""nofollow"">Sprinklr</a>",999
2,2023-01-16 23:00:01+00:00,1615121726018404353,https://twitter.com/Batman/status/1615121726018404353,Pick four gadgets for your Utility Belt loadout. What are you taking into Gotham City? https://t.co/29vHlgNInV,https://twitter.com/Batman,87,133,en,"<a href=""https://www.sprinklr.com"" rel=""nofollow"">Sprinklr</a>",1467
3,2023-01-12 20:00:02+00:00,1613626879134638081,https://twitter.com/Batman/status/1613626879134638081,"Armored Batman from KINGDOM COME has arrived to join the fight. Available for pre-order now. 
‚û°Ô∏è https://t.co/ccLq3ThtiU

#McFarlaneToys #Batman https://t.co/1P76S4vGHI",https://twitter.com/Batman,4,100,en,"<a href=""https://www.sprinklr.com"" rel=""nofollow"">Sprinklr</a>",838
4,2023-01-11 15:00:03+00:00,1613188998427443203,https://twitter.com/Batman/status/1613188998427443203,"Go beyond the animated series with BATMAN: THE ADVENTURES CONTINUE SEASON THREE #1, the next thrilling chapter. 

On sale now: https://t.co/r4Ock7gLyu https://t.co/8B2rVam0QO",https://twitter.com/Batman,6,151,en,"<a href=""https://www.sprinklr.com"" rel=""nofollow"">Sprinklr</a>",1735
5,2023-01-03 17:30:02+00:00,1610327640363220995,https://twitter.com/Batman/status/1610327640363220995,"New year, new story arc. 

After the events of ""Failsafe,"" the question is: Who is Bruce Wayne? BATMAN #131 is on sale now: https://t.co/wXaQyxSOiv https://t.co/uokKo4Gz9n",https://twitter.com/Batman,16,179,en,"<a href=""https://www.sprinklr.com"" rel=""nofollow"">Sprinklr</a>",2182
6,2022-12-24 00:07:05+00:00,1606441292871143429,https://twitter.com/Batman/status/1606441292871143429,"If you‚Äôre in Gotham City and on my naughty list this year, it won‚Äôt be a happy holiday. 

Glad tidings to everyone else.",https://twitter.com/Batman,36,267,en,"<a href=""http://twitter.com/download/iphone"" rel=""nofollow"">Twitter for iPhone</a>",2446
7,2022-12-20 17:15:02+00:00,1605250433689214978,https://twitter.com/Batman/status/1605250433689214978,"The Helmet of Fate cracks and chaos is unleashed. 

The explosive developments of BATMAN VS. ROBIN #4 will shape the DC Universe in 2023‚Äîstarting in LAZARUS PLANET: ALPHA and continuing into #DawnOfDC. https://t.co/dO6Mzk7dKN https://t.co/ysWO9mvplb",https://twitter.com/Batman,18,92,en,"<a href=""https://www.sprinklr.com"" rel=""nofollow"">Sprinklr</a>",943
8,2022-12-18 17:00:30+00:00,1604522002785734669,https://twitter.com/Batman/status/1604522002785734669,Decades of vengeance. ü¶á https://t.co/QfRGRtDZBc,https://twitter.com/Batman,54,533,en,"<a href=""https://www.sprinklr.com"" rel=""nofollow"">Sprinklr</a>",3039
9,2022-12-17 23:00:01+00:00,1604250088674574336,https://twitter.com/Batman/status/1604250088674574336,Get to know Jace Fox in I AM BATMAN. We're recommending Vol. 1 for your #DCWeekendEscape. Here's why: https://t.co/9MmTY1t01I https://t.co/fbAdCgTpay,https://twitter.com/Batman,19,56,en,"<a href=""https://www.sprinklr.com"" rel=""nofollow"">Sprinklr</a>",753
10,2022-12-13 17:00:49+00:00,1602710143765970946,https://twitter.com/Batman/status/1602710143765970946,".@Todd_McFarlane and @GregCapullo discuss the blockbuster showdown between the Dark Knight and the Hellspawn that you've been waiting for.

Get BATMAN/SPAWN on sale now: https://t.co/Mq1wgopNDX https://t.co/WfBwKimo49",https://twitter.com/Batman,16,129,en,"<a href=""https://www.sprinklr.com"" rel=""nofollow"">Sprinklr</a>",681
11,2022-12-10 16:00:03+00:00,1601607684213678080,https://twitter.com/Batman/status/1601607684213678080,"Dick Grayson has a big celebration coming up... and he's invited all his friends.

NIGHTWING #100 from @TomTaylorMade and @Bruno_Redondo_F is on sale January 17. Tell your local comics shop you want a copy today: https://t.co/BxYtOKWIsH https://t.co/8Hlw5vRAVx",https://twitter.com/Batman,22,233,en,"<a href=""https://www.sprinklr.com"" rel=""nofollow"">Sprinklr</a>",1814
12,2022-12-08 17:00:15+00:00,1600898058438545409,https://twitter.com/Batman/status/1600898058438545409,7 of 7 #BatmanSpawn https://t.co/7uAoPhNW87,https://twitter.com/Batman,3,39,und,"<a href=""https://www.sprinklr.com"" rel=""nofollow"">Sprinklr</a>",369
13,2022-12-08 17:00:13+00:00,1600898050167394305,https://twitter.com/Batman/status/1600898050167394305,6 of 7 #BatmanSpawn https://t.co/T4KLlvX8aV,https://twitter.com/Batman,3,36,und,"<a href=""https://www.sprinklr.com"" rel=""nofollow"">Sprinklr</a>",332
14,2022-12-08 17:00:11+00:00,1600898043649425409,https://twitter.com/Batman/status/1600898043649425409,5 of 7 #BatmanSpawn https://t.co/fzHsFdKoXm,https://twitter.com/Batman,2,27,und,"<a href=""https://www.sprinklr.com"" rel=""nofollow"">Sprinklr</a>",189
15,2022-12-08 17:00:08+00:00,1600898033088086018,https://twitter.com/Batman/status/1600898033088086018,4 of 7 #BatmanSpawn https://t.co/GWhi1btWdX,https://twitter.com/Batman,3,28,und,"<a href=""https://www.sprinklr.com"" rel=""nofollow"">Sprinklr</a>",249
16,2022-12-08 17:00:06+00:00,1600898023181139970,https://twitter.com/Batman/status/1600898023181139970,3 of 7 #BatmanSpawn https://t.co/7C5RLZSO1C,https://twitter.com/Batman,2,26,und,"<a href=""https://www.sprinklr.com"" rel=""nofollow"">Sprinklr</a>",203
17,2022-12-08 17:00:04+00:00,1600898016227037189,https://twitter.com/Batman/status/1600898016227037189,2 of 7 #BatmanSpawn https://t.co/StsjfxVg0N,https://twitter.com/Batman,3,30,und,"<a href=""https://www.sprinklr.com"" rel=""nofollow"">Sprinklr</a>",172
18,2022-12-08 17:00:03+00:00,1600898009331638272,https://twitter.com/Batman/status/1600898009331638272,"The comic of the year is almost here. 

Here is an exclusive preview thread of BATMAN/SPAWN #1 from @Todd_McFarlane and @GregCapullo, available December 13 at your local comic book shop and @BNBuzz: https://t.co/xt58WRtIdZ https://t.co/x71HniABtx",https://twitter.com/Batman,33,334,en,"<a href=""https://www.sprinklr.com"" rel=""nofollow"">Sprinklr</a>",2446
19,2022-12-06 18:00:07+00:00,1600188351075713043,https://twitter.com/Batman/status/1600188351075713043,"Explore over eighty years of Batman history in this updated official edition featuring a wealth of new content, including a new chapter on acclaimed feature film The Batman: https://t.co/hMxVtyxEjm https://t.co/V3IyVJSG8v",https://twitter.com/Batman,6,78,en,"<a href=""https://www.sprinklr.com"" rel=""nofollow"">Sprinklr</a>",535
20,2022-12-05 22:00:02+00:00,1599886338681352192,https://twitter.com/Batman/status/1599886338681352192,"DC Shop is kicking off its 8-day Batman holiday special with the Art of the Bat! 

Grab your limited edition art prints celebrating the 30th anniversary of Batman: The Animated Series before they sell out: https://t.co/1Met2LMN7M https://t.co/1RvHDMbx47",https://twitter.com/Batman,5,40,en,"<a href=""https://www.sprinklr.com"" rel=""nofollow"">Sprinklr</a>",322
21,2022-12-05 17:00:02+00:00,1599810841141862406,https://twitter.com/Batman/status/1599810841141862406,Silent nights in Gotham City aren't always what they seem. https://t.co/1brCRgjb0t,https://twitter.com/Batman,86,3175,en,"<a href=""https://mobile.twitter.com"" rel=""nofollow"">Twitter Web App</a>",25801
22,2022-11-29 14:00:13+00:00,1597591264316329990,https://twitter.com/Batman/status/1597591264316329990,"DC UNIVERSE INFINITE ULTRA expands to include full catalogs from DC Black Label, Vertigo and DC Collected Editions! Join ULTRA by 12/4 to get limited-time introductory pricing: https://t.co/7kZJOriGRx https://t.co/s8HTkXeNGl",https://twitter.com/Batman,9,31,en,"<a href=""https://www.sprinklr.com"" rel=""nofollow"">Sprinklr</a>",276
23,2022-11-26 20:00:22+00:00,1596594735061385218,https://twitter.com/Batman/status/1596594735061385218,"The crime-fighting Dynamic Duo is always one step ahead of the criminals, with no case being too big for the pair.

You think you know the story, but that isn't this.

Explore Dick Grayson's challenging origin, available now: https://t.co/hZrxURSAZI https://t.co/zQlxdQ821x",https://twitter.com/Batman,10,82,en,"<a href=""https://www.sprinklr.com"" rel=""nofollow"">Sprinklr</a>",623
24,2022-11-22 19:00:08+00:00,1595130025061527552,https://twitter.com/Batman/status/1595130025061527552,Check out must-own Batman gifts for every Dark Knight at DC Shop: https://t.co/e9QPgILccv https://t.co/vy9noMeicl,https://twitter.com/Batman,9,75,en,"<a href=""https://www.sprinklr.com"" rel=""nofollow"">Sprinklr</a>",571
25,2022-11-21 18:00:04+00:00,1594752522035597312,https://twitter.com/Batman/status/1594752522035597312,"Re-create the Batman: The Animated Series credits with this Gold Label set from @mcfarlanetoys. Exclusively at Target. ‚Å†‚û°Ô∏è https://t.co/X6g4lqv6Jc 

#McFarlaneToys #DCDirect #BatmanTheAnimatedSeries #Batman #BTAS #Target https://t.co/U7rtyG3ena",https://twitter.com/Batman,14,124,en,"<a href=""https://www.sprinklr.com"" rel=""nofollow"">Sprinklr</a>",1183
26,2022-11-19 21:00:32+00:00,1594073161183924224,https://twitter.com/Batman/status/1594073161183924224,"Nights in Gotham City are never easy, but this is no ordinary night. 

Read BATMAN: ONE DARK KNIGHT, available now: https://t.co/RdPbxXH9d1 https://t.co/p2sJXZws9y",https://twitter.com/Batman,6,116,en,"<a href=""https://www.sprinklr.com"" rel=""nofollow"">Sprinklr</a>",998
27,2022-11-14 20:00:01+00:00,1592245992413429767,https://twitter.com/Batman/status/1592245992413429767,"Experience the Caped Crusader like never before at ""The Batman in Concert."" Watch Batman unravel the mysteries of Gotham City as a live symphony orchestra performs the score alongside the film. Coming in Spring 2023 to a city near you. Tickets on sale NOW: https://t.co/eA60J3OA5z https://t.co/ZOuhmbk5JG",https://twitter.com/Batman,210,1406,en,"<a href=""https://www.sprinklr.com"" rel=""nofollow"">Sprinklr</a>",16865
28,2022-11-12 08:00:13+00:00,1591340073005424640,https://twitter.com/Batman/status/1591340073005424640,https://t.co/IFRKyqgJZ8,https://twitter.com/Batman,612,25024,zxx,"<a href=""http://twitter.com/download/iphone"" rel=""nofollow"">Twitter for iPhone</a>",267779
29,2022-11-11 17:05:17+00:00,1591114856115359745,https://twitter.com/Batman/status/1591114856115359745,Thank you. ü¶á‚ù§Ô∏è https://t.co/hB4XUy8Gw1,https://twitter.com/Batman,2188,83088,en,"<a href=""http://twitter.com/download/iphone"" rel=""nofollow"">Twitter for iPhone</a>",541079
30,2022-11-09 17:00:04+00:00,1590388765117120512,https://twitter.com/Batman/status/1590388765117120512,"The buzz from @TheBatman is far from over yet! @insighteditions is bringing you an ephemera kit inspired by the film with collectibles and keepsakes including stickers, keychains, mini posters, and more! 

Pre-order your kit on the DC Shop: https://t.co/t7m89DwaaW https://t.co/7znMbyVlIR",https://twitter.com/Batman,27,221,en,"<a href=""https://www.sprinklr.com"" rel=""nofollow"">Sprinklr</a>",1552
31,2022-11-08 18:00:03+00:00,1590041473482952705,https://twitter.com/Batman/status/1590041473482952705,"Batgirl by Josh Middleton is the latest 1:6 scale DC Direct statue from @mcfarlanetoys.
‚û°Ô∏è https://t.co/rsTBW4F6Lm

#McFarlaneToys #DCDirect #Batgirl #Batman https://t.co/VgfHFfkv80",https://twitter.com/Batman,14,42,en,"<a href=""https://www.sprinklr.com"" rel=""nofollow"">Sprinklr</a>",421
32,2022-11-01 20:32:49+00:00,1587543202797481984,https://twitter.com/Batman/status/1587543202797481984,"@Grant2Will No, I'm Batman.",https://twitter.com/Batman,4,2,en,"<a href=""https://mobile.twitter.com"" rel=""nofollow"">Twitter Web App</a>",123
33,2022-11-01 00:00:23+00:00,1587233052132102144,https://twitter.com/Batman/status/1587233052132102144,"The freaks are taking over Gotham City and nothing can stop them now. 

Stream BATMAN: THE LONG HALLOWEEN on HBO Max: https://t.co/lDHykNjr1B

Read BATMAN: THE LONG HALLOWEEN on DC UNIVERSE INFINITE: https://t.co/XXQWmW6Ebc https://t.co/SZ5Ic0wQf9",https://twitter.com/Batman,6,90,en,"<a href=""https://www.sprinklr.com"" rel=""nofollow"">Sprinklr</a>",720
34,2022-10-31 22:00:02+00:00,1587202762621722626,https://twitter.com/Batman/status/1587202762621722626,https://t.co/F1i7wWVRer,https://twitter.com/Batman,86,6852,zxx,"<a href=""https://www.sprinklr.com"" rel=""nofollow"">Sprinklr</a>",48171
35,2022-10-30 19:00:27+00:00,1586795183877783554,https://twitter.com/Batman/status/1586795183877783554,"Experience a haunted murder mystery classic, and undeniably one of the great Dark Knight tales.

Stream BATMAN: THE LONG HALLOWEEN on HBO Max: https://t.co/5kfVK1DTtp

Read BATMAN: THE LONG HALLOWEEN on DC UNIVERSE INFINITE: https://t.co/RJPV1RPQgK https://t.co/p57alfcpw2",https://twitter.com/Batman,5,84,en,"<a href=""https://www.sprinklr.com"" rel=""nofollow"">Sprinklr</a>",534
36,2022-10-21 15:44:43+00:00,1583484432954314752,https://twitter.com/Batman/status/1583484432954314752,"Variant cover for #BatmanSpawn with pencils by @JimLee, inks by @ScottW_inks and colors by @Sinccolor. Written and inked by @Todd_McFarlane, with pencils by @GregCapullo and colors by @DaveMcCaig. Don't miss out, pre-order now. https://t.co/UZUzEt858g https://t.co/wzU1x1jzWD",https://twitter.com/Batman,12,191,en,"<a href=""https://www.sprinklr.com"" rel=""nofollow"">Sprinklr</a>",1224
37,2022-10-21 15:00:27+00:00,1583473294342492161,https://twitter.com/Batman/status/1583473294342492161,"Here‚Äôs your first look at @JimLee's variant cover for #BatmanSpawn! Pencils by Jim Lee and inks by @ScottW_inks. Arriving Dec. 13, learn more here: https://t.co/jkG4jioxmx https://t.co/2Ic7i9DEhQ",https://twitter.com/Batman,10,95,en,"<a href=""https://www.sprinklr.com"" rel=""nofollow"">Sprinklr</a>",618
38,2022-10-20 21:57:53+00:00,1583215955953344512,https://twitter.com/Batman/status/1583215955953344512,Fear is a dangerous weapon in the wrong hands. Stream all episodes of Batman: The Audio Adventures now on @hbomax. https://t.co/kT8z13m8FC,https://twitter.com/Batman,7,59,en,"<a href=""https://www.sprinklr.com"" rel=""nofollow"">Sprinklr</a>",454
39,2022-10-20 16:00:52+00:00,1583126111906824192,https://twitter.com/Batman/status/1583126111906824192,"Celebrate 20 years of BATMAN: HUSH with an all-new anniversary edition featuring new cover art from Jim Lee and behind-the-scenes extras.

Visit https://t.co/BDaiH6btBr to find your copy, available now. https://t.co/VlY1wonkYH",https://twitter.com/Batman,15,276,en,"<a href=""https://www.sprinklr.com"" rel=""nofollow"">Sprinklr</a>",2226
40,2022-10-18 22:22:46+00:00,1582497442624258048,https://twitter.com/Batman/status/1582497442624258048,"The Dark Knight in Minecraft: Fly through the night as Batman and save the city from Harley Quinn, The Joker, The Penguin, and more dastardly Super-Villains from the DC universe! https://t.co/lltqJorLPp https://t.co/UDNpLZOYHr",https://twitter.com/Batman,17,228,en,"<a href=""https://www.sprinklr.com"" rel=""nofollow"">Sprinklr</a>",1550
41,2022-10-17 22:30:02+00:00,1582136886096977922,https://twitter.com/Batman/status/1582136886096977922,"Grab your passport: justice goes global in BATMAN INCORPORATED #1 by Ed Brisson and John Timms, on sale now. https://t.co/0OvuFdCnXm https://t.co/4UftOicVUO",https://twitter.com/Batman,8,65,en,"<a href=""https://www.sprinklr.com"" rel=""nofollow"">Sprinklr</a>",474
42,2022-10-16 16:00:20+00:00,1581676424603131904,https://twitter.com/Batman/status/1581676424603131904,"Two dark heroes, cursed by tragedy, find their paths once again crossing... 

From the shadows of Gotham City to New York, this epic event from @Todd_McFarlane and @GregCapullo is a can't miss read: https://t.co/z21kugzCGm https://t.co/d3t2CPzLWr",https://twitter.com/Batman,26,360,en,"<a href=""https://www.sprinklr.com"" rel=""nofollow"">Sprinklr</a>",2067
43,2022-10-15 16:44:05+00:00,1581325048576475136,https://twitter.com/Batman/status/1581325048576475136,"Gotham City is in trouble but have no fear ‚Äì Batman is here!‚ÄØ‚ÄØ 

Fly through the night as the Caped Crusader and save the city from Harley Quinn, The Joker, The Penguin, and more dastardly Super-Villains from the DC universe. DLC pack coming October 18! #MinecraftLive https://t.co/NZQ7wGu3zK",https://twitter.com/Batman,52,404,en,"<a href=""https://www.sprinklr.com"" rel=""nofollow"">Sprinklr</a>",3045
44,2022-10-12 17:00:14+00:00,1580241948799307777,https://twitter.com/Batman/status/1580241948799307777,"Batman: The Audio Adventures Season 2 is underway and, in the second episode, the power players of Gotham City move into position to strike! Stream the new season now on @HBOMax. https://t.co/mv7kAx49eR",https://twitter.com/Batman,6,48,en,"<a href=""https://www.sprinklr.com"" rel=""nofollow"">Sprinklr</a>",325
45,2022-10-10 22:00:01+00:00,1579592615066238978,https://twitter.com/Batman/status/1579592615066238978,"On this week's #HouseOfListery, we reach deep into the Black Casebook to spotlight five of Batman's weirdest cases. Read on, if you dare: https://t.co/H1cRzjnt1A https://t.co/mQ5WKpf6Fy",https://twitter.com/Batman,0,36,en,"<a href=""https://www.sprinklr.com"" rel=""nofollow"">Sprinklr</a>",287
46,2022-10-10 03:07:47+00:00,1579307677934825474,https://twitter.com/Batman/status/1579307677934825474,Good boy.,https://twitter.com/Batman,23,568,en,"<a href=""http://twitter.com/download/iphone"" rel=""nofollow"">Twitter for iPhone</a>",5596
47,2022-10-09 18:00:20+00:00,1579169908499546114,https://twitter.com/Batman/status/1579169908499546114,"Friends abducted, a city in chaos, and a deadly team-up that nobody saw coming.

Batman and The Joker form an uneasy alliance in @marc_silvestri's BATMAN &amp; THE JOKER: DEADLY DUO, available November 1. Visit https://t.co/lf30QDJGRf to find your local comic shop and preorder now. https://t.co/JgwH1JAGHE",https://twitter.com/Batman,10,129,en,"<a href=""https://www.sprinklr.com"" rel=""nofollow"">Sprinklr</a>",959
48,2022-10-08 16:00:03+00:00,1578777250211643392,https://twitter.com/Batman/status/1578777250211643392,Twenty years later and BATMAN: HUSH still holds up as one of the greatest Bat stories ever told. Here's why we think you should make this classic action-packed mystery/adventure part of your #DCWeekendEscape ‚Äî https://t.co/7rxxKDo07M https://t.co/B1Tiu3a7Vv,https://twitter.com/Batman,8,106,en,"<a href=""https://www.sprinklr.com"" rel=""nofollow"">Sprinklr</a>",839
49,2022-10-07 21:31:30+00:00,1578498276562595840,https://twitter.com/Batman/status/1578498276562595840,"BATMAN SPAWN variant and exclusive covers revealed at #NYCC. Visit https://t.co/hskghz6SZg to learn more about this epic crossover from Todd McFarlane and Greg Capullo, coming December 13. #DCatNYCC https://t.co/ilZOEVhWDt",https://twitter.com/Batman,17,340,en,"<a href=""https://www.sprinklr.com"" rel=""nofollow"">Sprinklr</a>",1925
50,2022-10-07 19:01:25+00:00,1578460503621369856,https://twitter.com/Batman/status/1578460503621369856,A tale of life and death in Gotham City continues. Here‚Äôs a preview of what‚Äôs to come in the second season of DC‚Äôs Batman: The Audio Adventures. Stream now on @hbomax. #DCatNYCC https://t.co/4nGPXXKbJO,https://twitter.com/Batman,0,60,en,"<a href=""https://www.sprinklr.com"" rel=""nofollow"">Sprinklr</a>",482
51,2022-10-07 13:00:28+00:00,1578369668074668039,https://twitter.com/Batman/status/1578369668074668039,"Gotham City. A seething cauldron of crime and corruption about to boil over. Tune-in to the latest season of DC‚Äôs Batman: The Audio Adventures, now streaming on @hbomax. https://t.co/Q6PPWjGX5e",https://twitter.com/Batman,4,55,en,"<a href=""https://www.sprinklr.com"" rel=""nofollow"">Sprinklr</a>",354
52,2022-10-06 16:15:28+00:00,1578056355847569408,https://twitter.com/Batman/status/1578056355847569408,"‚ÄúHow long can two bitter enemies hold it in before they absolutely have to beat the crap out of each other?‚Äù‚Äî @Marc_Silvestri 

Find out the answer starting with BATMAN &amp; THE JOKER: THE DEADLY DUO #1, on sale November 1: https://t.co/TgSTuIdJ1b https://t.co/3vB9mRFL2d",https://twitter.com/Batman,7,110,en,"<a href=""https://www.sprinklr.com"" rel=""nofollow"">Sprinklr</a>",767
53,2022-10-02 16:00:01+00:00,1576602914663137281,https://twitter.com/Batman/status/1576602914663137281,"Be advised, this is not a legitimate employer. Do not apply. https://t.co/4kkTYm1QqM",https://twitter.com/Batman,48,168,en,"<a href=""https://www.sprinklr.com"" rel=""nofollow"">Sprinklr</a>",1871
54,2022-09-27 00:00:21+00:00,1574549467298074625,https://twitter.com/Batman/status/1574549467298074625,"Whether you stream the movie adaptation on HBO Max or read the original comic books on DC UNIVERSE INFINITE, the story of BATMAN: HUSH is filled with epic and iconic moments. What's your favorite? https://t.co/rTBk0fmApq",https://twitter.com/Batman,25,117,en,"<a href=""https://www.sprinklr.com"" rel=""nofollow"">Sprinklr</a>",920
55,2022-09-26 21:00:01+00:00,1574504085599969299,https://twitter.com/Batman/status/1574504085599969299,"Always, always check the reviews first. https://t.co/87ESEMSJ7v",https://twitter.com/Batman,12,51,en,"<a href=""https://www.sprinklr.com"" rel=""nofollow"">Sprinklr</a>",565
56,2022-09-23 16:00:19+00:00,1573341498636177408,https://twitter.com/Batman/status/1573341498636177408,The Dark Knight Returns is a story that reinvented Batman for generations. Read the original comic books on DC UNIVERSE INFINITE and stream the movie adaptation on HBO Max. https://t.co/f1XHJEt80y,https://twitter.com/Batman,11,147,en,"<a href=""https://www.sprinklr.com"" rel=""nofollow"">Sprinklr</a>",918
57,2022-09-22 22:45:36+00:00,1573081103262515202,https://twitter.com/Batman/status/1573081103262515202,"The Dark Knight and the Clown Prince of Crime find themselves in an uneasy alliance in @Marc_Silvestri's BATMAN &amp; THE JOKER: THE DEADLY DUO #1, coming November 1: https://t.co/irbzIbmuXE https://t.co/ZhVPWmo9Yp",https://twitter.com/Batman,26,273,en,"<a href=""https://www.sprinklr.com"" rel=""nofollow"">Sprinklr</a>",1549
58,2022-09-22 19:30:01+00:00,1573031886628200448,https://twitter.com/Batman/status/1573031886628200448,In an uncertain world. In a chaotic time. Justice wears this new and exclusive Batman Forever tee from DC Shop: https://t.co/axrTGuABRh. https://t.co/m9LHxqHfKa,https://twitter.com/Batman,15,39,en,"<a href=""https://www.sprinklr.com"" rel=""nofollow"">Sprinklr</a>",349
59,2022-09-19 16:45:21+00:00,1571903280732594176,https://twitter.com/Batman/status/1571903280732594176,Matt Reeves' #TheBatman pulls inspiration from many different comic sources to create a new legend of the Dark Knight. Read more in DC UNIVERSE INFINITE now: https://t.co/H24pjddim1 https://t.co/CbBwLMq9Vq,https://twitter.com/Batman,30,258,en,"<a href=""https://www.sprinklr.com"" rel=""nofollow"">Sprinklr</a>",1561
60,2022-09-18 19:30:03+00:00,1571582341197201408,https://twitter.com/Batman/status/1571582341197201408,"You are the night with this exclusive Batman: The Animated Series tee from DC Shop: https://t.co/dMbJdv2hsk. 

#BatmanTheAnimatedSeries #BTAS #BTAS30th https://t.co/MtwtDhDSN7",https://twitter.com/Batman,20,114,en,"<a href=""https://www.sprinklr.com"" rel=""nofollow"">Sprinklr</a>",990
61,2022-09-18 16:30:33+00:00,1571537169029758977,https://twitter.com/Batman/status/1571537169029758977,"Explore Batman's last big case before the events of #GothamKnights. Check out https://t.co/ShInDTszUd to pre-order GOTHAM KNIGHTS: GILDED CITY #1, available October 25. https://t.co/q4OjZ6wuFv",https://twitter.com/Batman,47,303,en,"<a href=""https://www.sprinklr.com"" rel=""nofollow"">Sprinklr</a>",2088
62,2022-09-17 21:30:02+00:00,1571250149019750400,https://twitter.com/Batman/status/1571250149019750400,Let‚Äôs get nuts. #BatmanDay,https://twitter.com/Batman,24,239,en,"<a href=""http://twitter.com/download/iphone"" rel=""nofollow"">Twitter for iPhone</a>",1809
63,2022-09-17 19:00:13+00:00,1571212444046860292,https://twitter.com/Batman/status/1571212444046860292,Celebrate #BatmanDay by reading @Jock4twenty's BATMAN: ONE DARK KNIGHT #1 for free with registration on DC UNIVERSE INFINITE. https://t.co/UyxddsTKxZ https://t.co/ahNaPi8Jlc,https://twitter.com/Batman,8,174,en,"<a href=""https://www.sprinklr.com"" rel=""nofollow"">Sprinklr</a>",1214
64,2022-09-17 18:44:46+00:00,1571208558372593664,https://twitter.com/Batman/status/1571208558372593664,@DCComics @nightwaynes I do. #BatmanDay,https://twitter.com/Batman,10,59,und,"<a href=""http://twitter.com/download/iphone"" rel=""nofollow"">Twitter for iPhone</a>",1010
65,2022-09-17 16:11:04+00:00,1571169876810821633,https://twitter.com/Batman/status/1571169876810821633,@LeafNope https://t.co/DEMi3CQgMh,https://twitter.com/Batman,1,2,qme,"<a href=""http://twitter.com/download/iphone"" rel=""nofollow"">Twitter for iPhone</a>",101
66,2022-09-17 16:10:32+00:00,1571169744950263808,https://twitter.com/Batman/status/1571169744950263808,@RoughGamer1 Don‚Äôt you worry Dr. Quinn has been neutralized.,https://twitter.com/Batman,2,0,en,"<a href=""http://twitter.com/download/iphone"" rel=""nofollow"">Twitter for iPhone</a>",24
67,2022-09-17 16:09:07+00:00,1571169388514123777,https://twitter.com/Batman/status/1571169388514123777,@gutzdead It‚Äôs me. You think I‚Äôd let that clown keep the account on #BatmanDay?,https://twitter.com/Batman,1,0,en,"<a href=""http://twitter.com/download/iphone"" rel=""nofollow"">Twitter for iPhone</a>",34
68,2022-09-17 14:13:18+00:00,1571140239451881476,https://twitter.com/Batman/status/1571140239451881476,"@TomTaylorMade Thanks, it won‚Äôt happen again. Count on it.",https://twitter.com/Batman,1,3,en,"<a href=""http://twitter.com/download/iphone"" rel=""nofollow"">Twitter for iPhone</a>",116
69,2022-09-17 14:00:15+00:00,1571136956515450884,https://twitter.com/Batman/status/1571136956515450884,Batman here. Confirming the system is secured. Resume normal communication. Batman out. https://t.co/jEmgiJHmEa,https://twitter.com/Batman,144,915,en,"<a href=""https://www.sprinklr.com"" rel=""nofollow"">Sprinklr</a>",7210
70,2022-09-17 13:30:13+00:00,1571129400489562114,https://twitter.com/Batman/status/1571129400489562114,@HeroMode Nice muscle suit ü§£ü§£ü§£ü§£ü§£ #BatmanDaySux - üÉè,https://twitter.com/Batman,2,4,en,"<a href=""http://twitter.com/download/iphone"" rel=""nofollow"">Twitter for iPhone</a>",40
71,2022-09-17 05:39:08+00:00,1571010848797360129,https://twitter.com/Batman/status/1571010848797360129,@St_JackyG ü§£ü§£ü§£ü§£ü§£ü§£ü§£ü§£ü§£ü§£ü§£ü§£ü§£ü§£ü§£ü§£ seriously? That‚Äôs the best joke I‚Äôve heard all year. - üÉè,https://twitter.com/Batman,0,1,en,"<a href=""http://twitter.com/download/iphone"" rel=""nofollow"">Twitter for iPhone</a>",14
72,2022-09-17 05:37:45+00:00,1571010497545400320,https://twitter.com/Batman/status/1571010497545400320,"@thejugheadbeat Pineapple crust, tomato sauce, cheese, ham, and pineapple.

That‚Äôs my opinion. - üÉè",https://twitter.com/Batman,1,1,en,"<a href=""http://twitter.com/download/iphone"" rel=""nofollow"">Twitter for iPhone</a>",15
73,2022-09-17 05:36:37+00:00,1571010212311748608,https://twitter.com/Batman/status/1571010212311748608,@BatmanMighty YEEEEEEEEEEEEEEEEEEEEEEEEEEEEEEEEEEEEESSSSSSSSSSSSSSSSSSSSSSSSSSSSSSSSSSSSSSSSSSSSSSHAHAHAHAHAHHAHAHAHAHAHAHAHHAAHHAHAHAHAHAHAHAHAHAHAHAHAHAHAHAHAHAHHAAHHAHAHAHAHAHAHAHAHAHAHAHA - üÉè,https://twitter.com/Batman,4,1,tl,"<a href=""http://twitter.com/download/iphone"" rel=""nofollow"">Twitter for iPhone</a>",24
74,2022-09-17 05:35:31+00:00,1571009934778855426,https://twitter.com/Batman/status/1571009934778855426,"@DP0770037521 HAHAHAHAHAHAHAHAHAHAHAHAHAHAHAHAHAHAHAHAHAHAHAHAHAHAHAHAHAHAHAHAHAHAHAHAHAHAHAHAHAHAHAHAHA‚Ä¶ oh, you‚Äôre serious. I already have! I‚Äôve sent a number of threatening messages to public figures and pranked @RealKevinConroy. - üÉè",https://twitter.com/Batman,1,0,tl,"<a href=""http://twitter.com/download/iphone"" rel=""nofollow"">Twitter for iPhone</a>",16
75,2022-09-17 05:31:20+00:00,1571008885590470656,https://twitter.com/Batman/status/1571008885590470656,@RagefulBlueCat @ibmmiller I like your style. - üÉè,https://twitter.com/Batman,1,0,en,"<a href=""http://twitter.com/download/iphone"" rel=""nofollow"">Twitter for iPhone</a>",7
76,2022-09-17 05:30:29+00:00,1571008668572979201,https://twitter.com/Batman/status/1571008668572979201,@NikkiLotte_ HAHAHAHAHAHAHAHAHAHAHAHAHAHAHAHAHAHAHAHAHAHAHAHAHAHAHAHAHAHAHAHAHAHAHAHAHAHAHAHAHAHAHAHAHAHAHAHAHAHAHAHAHAHAHAHAHAHAHAHAHAHAHAHAHAHAHAHAHAHAHAHAHAHAHAHAHAHAHAHAHAHAHAHAHAHAHAHAHAHAHAHAHAHAHAHAHAHAHAHAHAHAHAHAHAHAHAHAHAHAHAHAHAHAHAHAHAHAHAHAHAHAHAHAHAHA‚Ä¶ you‚Äôre not wrong. -üÉè,https://twitter.com/Batman,1,1,tl,"<a href=""http://twitter.com/download/iphone"" rel=""nofollow"">Twitter for iPhone</a>",30
77,2022-09-17 05:28:48+00:00,1571008245439025153,https://twitter.com/Batman/status/1571008245439025153,"@0011_Cederic Thanks for watching the movie, you‚Äôre an awful tweeter. - üÉè",https://twitter.com/Batman,0,0,en,"<a href=""http://twitter.com/download/iphone"" rel=""nofollow"">Twitter for iPhone</a>",33
78,2022-09-16 22:00:04+00:00,1570895320833212416,https://twitter.com/Batman/status/1570895320833212416,You‚Äôre never fully dressed without a SMiLE ahahahahaha: https://t.co/llbm8kBfE9. - üÉè #BatmanDaySux https://t.co/x8I1iBCej7,https://twitter.com/Batman,18,47,en,"<a href=""https://www.sprinklr.com"" rel=""nofollow"">Sprinklr</a>",442
79,2022-09-16 21:07:16+00:00,1570882032296947714,https://twitter.com/Batman/status/1570882032296947714,@DCComics ü•±ü•±ü•± #BatmanDaySux -üÉè,https://twitter.com/Batman,7,14,und,"<a href=""http://twitter.com/download/iphone"" rel=""nofollow"">Twitter for iPhone</a>",236
80,2022-09-16 21:05:30+00:00,1570881587323211777,https://twitter.com/Batman/status/1570881587323211777,@swornlovers This shtick bores meü•±‚Ä¶ on to other ways to terrorize the Bat. #BatmanDaySux -üÉè,https://twitter.com/Batman,1,0,en,"<a href=""http://twitter.com/download/iphone"" rel=""nofollow"">Twitter for iPhone</a>",8
81,2022-09-16 19:21:48+00:00,1570855489604558848,https://twitter.com/Batman/status/1570855489604558848,@giselleb1234 Always leave 'em wanting more. -üÉè,https://twitter.com/Batman,1,1,en,"<a href=""https://mobile.twitter.com"" rel=""nofollow"">Twitter Web App</a>",6
82,2022-09-16 19:00:23+00:00,1570850101391921152,https://twitter.com/Batman/status/1570850101391921152,@X_HDetaille Funny of you to think old Jim‚Äôs got any power here #BatmanDaySux -üÉè,https://twitter.com/Batman,1,0,en,"<a href=""http://twitter.com/download/iphone"" rel=""nofollow"">Twitter for iPhone</a>",10
83,2022-09-16 18:50:22+00:00,1570847578992050176,https://twitter.com/Batman/status/1570847578992050176,https://t.co/BJPQk15dGj,https://twitter.com/Batman,12,91,zxx,"<a href=""https://mobile.twitter.com"" rel=""nofollow"">Twitter Web App</a>",970
84,2022-09-16 18:41:20+00:00,1570845307608629248,https://twitter.com/Batman/status/1570845307608629248,@ybisbetterifear Even I‚Äôm not that crazy #BatmanDaySux -üÉè,https://twitter.com/Batman,1,0,en,"<a href=""http://twitter.com/download/iphone"" rel=""nofollow"">Twitter for iPhone</a>",11
85,2022-09-16 18:38:09+00:00,1570844505603211264,https://twitter.com/Batman/status/1570844505603211264,@Real_End3r @TheTomfoolerist Villain‚Äôd some would say #BatmanDaySux -üÉè,https://twitter.com/Batman,1,0,en,"<a href=""http://twitter.com/download/iphone"" rel=""nofollow"">Twitter for iPhone</a>",3
86,2022-09-16 18:35:53+00:00,1570843932795506690,https://twitter.com/Batman/status/1570843932795506690,@BarryChou_ Sometimes you can just let the gif speak for itself pal #BatmanDaySux -üÉè,https://twitter.com/Batman,1,2,en,"<a href=""http://twitter.com/download/iphone"" rel=""nofollow"">Twitter for iPhone</a>",124
87,2022-09-16 18:34:16+00:00,1570843526136745984,https://twitter.com/Batman/status/1570843526136745984,@NAOKIKEAN You‚Äôll understand soon enough #BatmanDaySux -üÉè,https://twitter.com/Batman,2,0,en,"<a href=""http://twitter.com/download/iphone"" rel=""nofollow"">Twitter for iPhone</a>",0
88,2022-09-16 18:32:45+00:00,1570843147525304322,https://twitter.com/Batman/status/1570843147525304322,https://t.co/j8b7TXCXKD,https://twitter.com/Batman,6,85,zxx,"<a href=""https://mobile.twitter.com"" rel=""nofollow"">Twitter Web App</a>",1102
89,2022-09-16 18:30:21+00:00,1570842540836032512,https://twitter.com/Batman/status/1570842540836032512,@Anonymous_356 Not good is my middle name #BatmanDaySux  -üÉè,https://twitter.com/Batman,1,1,en,"<a href=""http://twitter.com/download/iphone"" rel=""nofollow"">Twitter for iPhone</a>",42
90,2022-09-16 18:29:18+00:00,1570842279753175040,https://twitter.com/Batman/status/1570842279753175040,@balmer4life The worlds greatest Twitter admin at your service #BatmanDaySux -üÉè,https://twitter.com/Batman,1,1,en,"<a href=""http://twitter.com/download/iphone"" rel=""nofollow"">Twitter for iPhone</a>",65
91,2022-09-16 18:19:46+00:00,1570839877079695360,https://twitter.com/Batman/status/1570839877079695360,https://t.co/kV7uwxs8N3,https://twitter.com/Batman,19,97,zxx,"<a href=""https://mobile.twitter.com"" rel=""nofollow"">Twitter Web App</a>",1273
92,2022-09-16 18:09:34+00:00,1570837311268737025,https://twitter.com/Batman/status/1570837311268737025,https://t.co/n2GsQlOMgE,https://twitter.com/Batman,17,106,zxx,"<a href=""https://mobile.twitter.com"" rel=""nofollow"">Twitter Web App</a>",1403
93,2022-09-16 18:00:01+00:00,1570834909786161152,https://twitter.com/Batman/status/1570834909786161152,"FoR evEry 500 LiKes tHis gEts , i WilL huMiliAte #BATMAN iN a FUN NEW WAY ehhehehehehahahahahahaha  #BatmanDaySux -üÉè https://t.co/XHzhZPtAew",https://twitter.com/Batman,74,546,en,"<a href=""https://www.sprinklr.com"" rel=""nofollow"">Sprinklr</a>",6424
94,2022-09-16 17:57:43+00:00,1570834328070017024,https://twitter.com/Batman/status/1570834328070017024,"@JorgeJimenezArt Awwww he looks like he‚Äôs in pain‚Ä¶

Hysterical. ü§£ - üÉè",https://twitter.com/Batman,1,2,en,"<a href=""http://twitter.com/download/iphone"" rel=""nofollow"">Twitter for iPhone</a>",102
95,2022-09-16 17:54:54+00:00,1570833620142796801,https://twitter.com/Batman/status/1570833620142796801,@Slasher_katz Someones gotta do it #BatmanDaySux -üÉè,https://twitter.com/Batman,0,0,en,"<a href=""https://mobile.twitter.com"" rel=""nofollow"">Twitter Web App</a>",10
96,2022-09-16 17:53:42+00:00,1570833317045620739,https://twitter.com/Batman/status/1570833317045620739,@m1crocutz Well. #BatmanDaySux should tell you all you need to know -üÉè,https://twitter.com/Batman,2,0,en,"<a href=""https://mobile.twitter.com"" rel=""nofollow"">Twitter Web App</a>",12
97,2022-09-16 17:02:20+00:00,1570820390532034567,https://twitter.com/Batman/status/1570820390532034567,@FerineKitty Chillin' like a villain #BatmanDaySux -üÉè,https://twitter.com/Batman,0,0,en,"<a href=""https://mobile.twitter.com"" rel=""nofollow"">Twitter Web App</a>",3
98,2022-09-16 17:00:05+00:00,1570819824791715841,https://twitter.com/Batman/status/1570819824791715841,"@WPadden Actually, William, it's over when I say it's over. #BatmanDaySux -üÉè",https://twitter.com/Batman,1,0,en,"<a href=""https://mobile.twitter.com"" rel=""nofollow"">Twitter Web App</a>",6
99,2022-09-16 16:56:16+00:00,1570818863620820994,https://twitter.com/Batman/status/1570818863620820994,@BigGayYur1 Putting smiles on faces is my full-time job. #BatmanDaySux -üÉè,https://twitter.com/Batman,1,1,en,"<a href=""https://mobile.twitter.com"" rel=""nofollow"">Twitter Web App</a>",9
100,2022-09-16 16:55:12+00:00,1570818596397514758,https://twitter.com/Batman/status/1570818596397514758,@MitchGerads Hey hey hey everyone else has had their turn- now I get to play #BatmanDaySux -üÉè,https://twitter.com/Batman,2,0,en,"<a href=""https://mobile.twitter.com"" rel=""nofollow"">Twitter Web App</a>",23
